sample,barcode_1,barcode_2
A01,ATCACGTT,ATCACGAT
A02,CGATGTTT,ATCACGAT
A03,TTAGGCAT,ATCACGAT
A04,TGACCACT,ATCACGAT
A05,ACAGTGGT,ATCACGAT
A07,CAGATCTG,ATCACGAT
A08,ACTTGATG,ATCACGAT
A09,GATCAGCG,ATCACGAT
A10,TAGCTTGT,ATCACGAT
A11,GGCTACAG,ATCACGAT
A12,CTTGTACT,ATCACGAT
B02,CGATGTTT,CGATGTAT
B03,TTAGGCAT,CGATGTAT
B04,TGACCACT,CGATGTAT
B05,ACAGTGGT,CGATGTAT
B06,GCCAATGT,CGATGTAT
B07,CAGATCTG,CGATGTAT
B08,ACTTGATG,CGATGTAT
B09,GATCAGCG,CGATGTAT
B11,GGCTACAG,CGATGTAT
B12,CTTGTACT,CGATGTAT
C01,ATCACGTT,CTTGTAAT
C02,CGATGTTT,CTTGTAAT
C03,TTAGGCAT,CTTGTAAT
C05,ACAGTGGT,CTTGTAAT
C06,GCCAATGT,CTTGTAAT
C07,CAGATCTG,CTTGTAAT
C09,GATCAGCG,CTTGTAAT
C12,CTTGTACT,CTTGTAAT
D01,ATCACGTT,TGACCAAT
D02,CGATGTTT,TGACCAAT
D03,TTAGGCAT,TGACCAAT
D04,TGACCACT,TGACCAAT
D05,ACAGTGGT,TGACCAAT
D06,GCCAATGT,TGACCAAT
D07,CAGATCTG,TGACCAAT
D08,ACTTGATG,TGACCAAT
D10,TAGCTTGT,TGACCAAT
D11,GGCTACAG,TGACCAAT
D12,CTTGTACT,TGACCAAT
E01,ATCACGTT,ACAGTGAT
E02,CGATGTTT,ACAGTGAT
E03,TTAGGCAT,ACAGTGAT
E04,TGACCACT,ACAGTGAT
E05,ACAGTGGT,ACAGTGAT
E06,GCCAATGT,ACAGTGAT
E07,CAGATCTG,ACAGTGAT
E08,ACTTGATG,ACAGTGAT
E09,GATCAGCG,ACAGTGAT
E10,TAGCTTGT,ACAGTGAT
E11,GGCTACAG,ACAGTGAT
E12,CTTGTACT,ACAGTGAT
F01,ATCACGTT,GCCAATAT
F02,CGATGTTT,GCCAATAT
F03,TTAGGCAT,GCCAATAT
F04,TGACCACT,GCCAATAT
F05,ACAGTGGT,GCCAATAT
F06,GCCAATGT,GCCAATAT
F07,CAGATCTG,GCCAATAT
F08,ACTTGATG,GCCAATAT
F09,GATCAGCG,GCCAATAT
F10,TAGCTTGT,GCCAATAT
F11,GGCTACAG,GCCAATAT
F12,CTTGTACT,GCCAATAT
G01,ATCACGTT,CAGATCAT
G02,CGATGTTT,CAGATCAT
G05,ACAGTGGT,CAGATCAT
G06,GCCAATGT,CAGATCAT
G07,CAGATCTG,CAGATCAT
G08,ACTTGATG,CAGATCAT
G09,GATCAGCG,CAGATCAT
G10,TAGCTTGT,CAGATCAT
H03,TTAGGCAT,ACTTGAAT
H04,TGACCACT,ACTTGAAT
H05,ACAGTGGT,ACTTGAAT
H06,GCCAATGT,ACTTGAAT
H07,CAGATCTG,ACTTGAAT
H08,ACTTGATG,ACTTGAAT
H09,GATCAGCG,ACTTGAAT
H11,GGCTACAG,ACTTGAAT
H12,CTTGTACT,ACTTGAAT
